veiculo,entregas,sequencia,distancia_total_km,tempo_total_min
"{'id_veiculo': 'V1', 'capacidade_kg': 1000.0, 'autonomia_km': 250.0, 'velocidade_media_kmh': 50.0, 'custo_por_km': 3.0}","[{'id_entrega': 33, 'id_hospital': 33, 'nome': 'UBS 01 Varjão', 'localizacao': (-15.7100527, -47.8798177), 'prioridade': <PrioridadeEntrega.MEDIA: 3>, 'peso_kg': 24.92, 'tempo_estimado_entrega_min': 15, 'janela_inicio': 0, 'janela_fim': 1440}, {'id_entrega': 34, 'id_hospital': 34, 'nome': 'UBS 01 Itapoã', 'localizacao': (-15.7403029, -47.7649014), 'prioridade': <PrioridadeEntrega.CRITICA: 1>, 'peso_kg': 33.28, 'tempo_estimado_entrega_min': 10, 'janela_inicio': 0, 'janela_fim': 1440}, {'id_entrega': 20, 'id_hospital': 20, 'nome': 'Hospital Militar de Área de Brasília (HMAB)', 'localizacao': (-15.7727535, -47.9308535), 'prioridade': <PrioridadeEntrega.MEDIA: 3>, 'peso_kg': 97.91, 'tempo_estimado_entrega_min': 20, 'janela_inicio': 0, 'janela_fim': 1440}, {'id_entrega': 21, 'id_hospital': 21, 'nome': 'Hospital Naval de Brasília', 'localizacao': (-15.8147858, -47.9150437), 'prioridade': <PrioridadeEntrega.CRITICA: 1>, 'peso_kg': 82.56, 'tempo_estimado_entrega_min': 20, 'janela_inicio': 0, 'janela_fim': 1440}, {'id_entrega': 94, 'id_hospital': 94, 'nome': 'Centro de Saúde 01 Asa Sul', 'localizacao': (-15.8319916, -47.9107407), 'prioridade': <PrioridadeEntrega.CRITICA: 1>, 'peso_kg': 73.71, 'tempo_estimado_entrega_min': 60, 'janela_inicio': 0, 'janela_fim': 1440}, {'id_entrega': 95, 'id_hospital': 95, 'nome': 'Hospital Dia', 'localizacao': (-15.8142352, -47.9093607), 'prioridade': <PrioridadeEntrega.CRITICA: 1>, 'peso_kg': 60.33, 'tempo_estimado_entrega_min': 20, 'janela_inicio': 0, 'janela_fim': 1440}, {'id_entrega': 96, 'id_hospital': 96, 'nome': 'Centro de Saúde Básica 11 - DST/AIDS', 'localizacao': (-15.7736077, -47.8929665), 'prioridade': <PrioridadeEntrega.BAIXA: 4>, 'peso_kg': 46.13, 'tempo_estimado_entrega_min': 20, 'janela_inicio': 0, 'janela_fim': 1440}, {'id_entrega': 97, 'id_hospital': 97, 'nome': 'UBS 03 Vila Planalto', 'localizacao': (-15.795264, -47.8485535), 'prioridade': <PrioridadeEntrega.BAIXA: 4>, 'peso_kg': 82.4, 'tempo_estimado_entrega_min': 45, 'janela_inicio': 0, 'janela_fim': 1440}]","[(-15.8140447, -47.9659546), (-15.7100527, -47.8798177), (-15.7403029, -47.7649014), (-15.7727535, -47.9308535), (-15.8147858, -47.9150437), (-15.8319916, -47.9107407), (-15.8142352, -47.9093607), (-15.7736077, -47.8929665), (-15.795264, -47.8485535), (-15.8140447, -47.9659546)]",77.48712039220555,302.98454447064665
"{'id_veiculo': 'V2', 'capacidade_kg': 850.0, 'autonomia_km': 400.0, 'velocidade_media_kmh': 60.0, 'custo_por_km': 2.5}","[{'id_entrega': 98, 'id_hospital': 98, 'nome': 'Centro de Atenção Psicossocial CAPS I Brazlândia', 'localizacao': (-15.6722857, -48.2083374), 'prioridade': <PrioridadeEntrega.MEDIA: 3>, 'peso_kg': 11.09, 'tempo_estimado_entrega_min': 10, 'janela_inicio': 0, 'janela_fim': 1440}, {'id_entrega': 26, 'id_hospital': 26, 'nome': 'UBS 06 Taguatinga Sul', 'localizacao': (-15.8362722, -48.0642048), 'prioridade': <PrioridadeEntrega.MEDIA: 3>, 'peso_kg': 74.34, 'tempo_estimado_entrega_min': 20, 'janela_inicio': 0, 'janela_fim': 1440}, {'id_entrega': 44, 'id_hospital': 44, 'nome': 'UBS 01 Águas Claras', 'localizacao': (-15.8543943, -48.038247), 'prioridade': <PrioridadeEntrega.MEDIA: 3>, 'peso_kg': 69.08, 'tempo_estimado_entrega_min': 10, 'janela_inicio': 0, 'janela_fim': 1440}, {'id_entrega': 43, 'id_hospital': 43, 'nome': 'UBS 01 Riacho Fundo II', 'localizacao': (-15.9093234, -48.0607011), 'prioridade': <PrioridadeEntrega.BAIXA: 4>, 'peso_kg': 31.81, 'tempo_estimado_entrega_min': 20, 'janela_inicio': 0, 'janela_fim': 1440}, {'id_entrega': 25, 'id_hospital': 25, 'nome': 'UBS 05 Taguatinga Sul', 'localizacao': (-15.8508435, -48.0472145), 'prioridade': <PrioridadeEntrega.BAIXA: 4>, 'peso_kg': 92.74, 'tempo_estimado_entrega_min': 45, 'janela_inicio': 0, 'janela_fim': 1440}, {'id_entrega': 93, 'id_hospital': 93, 'nome': 'Hospital Veterinário de Brasília (HVEP)', 'localizacao': (-15.8169079, -48.073732), 'prioridade': <PrioridadeEntrega.ALTA: 2>, 'peso_kg': 99.06, 'tempo_estimado_entrega_min': 20, 'janela_inicio': 0, 'janela_fim': 1440}, {'id_entrega': 87, 'id_hospital': 87, 'nome': 'Policlínica de Ceilândia', 'localizacao': (-15.8248831, -48.1116407), 'prioridade': <PrioridadeEntrega.MEDIA: 3>, 'peso_kg': 24.43, 'tempo_estimado_entrega_min': 20, 'janela_inicio': 0, 'janela_fim': 1440}, {'id_entrega': 88, 'id_hospital': 88, 'nome': 'Policlínica do Gama', 'localizacao': (-16.0189655, -48.0708479), 'prioridade': <PrioridadeEntrega.CRITICA: 1>, 'peso_kg': 63.37, 'tempo_estimado_entrega_min': 45, 'janela_inicio': 0, 'janela_fim': 1440}, {'id_entrega': 89, 'id_hospital': 89, 'nome': 'Policlínica do Riacho Fundo 1', 'localizacao': (-15.881162, -48.0106085), 'prioridade': <PrioridadeEntrega.CRITICA: 1>, 'peso_kg': 93.46, 'tempo_estimado_entrega_min': 30, 'janela_inicio': 0, 'janela_fim': 1440}, {'id_entrega': 91, 'id_hospital': 91, 'nome': 'Hospital Sarah Kubitschek (Lago Norte)', 'localizacao': (-15.7525437, -47.8326085), 'prioridade': <PrioridadeEntrega.BAIXA: 4>, 'peso_kg': 58.54, 'tempo_estimado_entrega_min': 10, 'janela_inicio': 0, 'janela_fim': 1440}, {'id_entrega': 90, 'id_hospital': 90, 'nome': 'Hospital Sarah Kubitschek (Asa Sul)', 'localizacao': (-15.7994698, -47.8936904), 'prioridade': <PrioridadeEntrega.MEDIA: 3>, 'peso_kg': 49.96, 'tempo_estimado_entrega_min': 15, 'janela_inicio': 0, 'janela_fim': 1440}, {'id_entrega': 35, 'id_hospital': 35, 'nome': 'UBS 01 Jardins Mangueiral', 'localizacao': (-15.8946668, -47.81744533), 'prioridade': <PrioridadeEntrega.ALTA: 2>, 'peso_kg': 42.78, 'tempo_estimado_entrega_min': 10, 'janela_inicio': 0, 'janela_fim': 1440}]","[(-15.8140447, -47.9659546), (-15.6722857, -48.2083374), (-15.8362722, -48.0642048), (-15.8543943, -48.038247), (-15.9093234, -48.0607011), (-15.8508435, -48.0472145), (-15.8169079, -48.073732), (-15.8248831, -48.1116407), (-16.0189655, -48.0708479), (-15.881162, -48.0106085), (-15.7525437, -47.8326085), (-15.7994698, -47.8936904), (-15.8946668, -47.81744533), (-15.8140447, -47.9659546)]",182.18596448658113,437.18596448658116
"{'id_veiculo': 'V3', 'capacidade_kg': 900.0, 'autonomia_km': 350.0, 'velocidade_media_kmh': 55.0, 'custo_por_km': 2.7}","[{'id_entrega': 99, 'id_hospital': 99, 'nome': 'Centro de Atenção Psicossocial CAPS II Planaltina', 'localizacao': (-15.624939, -47.6512695), 'prioridade': <PrioridadeEntrega.CRITICA: 1>, 'peso_kg': 86.93, 'tempo_estimado_entrega_min': 30, 'janela_inicio': 0, 'janela_fim': 1440}, {'id_entrega': 46, 'id_hospital': 46, 'nome': 'UBS 01 Fercal', 'localizacao': (-15.6005831, -47.8731391), 'prioridade': <PrioridadeEntrega.CRITICA: 1>, 'peso_kg': 29.45, 'tempo_estimado_entrega_min': 10, 'janela_inicio': 0, 'janela_fim': 1440}, {'id_entrega': 47, 'id_hospital': 47, 'nome': 'UBS 01 Sobradinho II', 'localizacao': (-15.6438775, -47.8268803), 'prioridade': <PrioridadeEntrega.CRITICA: 1>, 'peso_kg': 96.71, 'tempo_estimado_entrega_min': 60, 'janela_inicio': 0, 'janela_fim': 1440}, {'id_entrega': 48, 'id_hospital': 48, 'nome': 'UBS 02 Sobradinho', 'localizacao': (-15.6438514, -47.8346051), 'prioridade': <PrioridadeEntrega.ALTA: 2>, 'peso_kg': 32.33, 'tempo_estimado_entrega_min': 10, 'janela_inicio': 0, 'janela_fim': 1440}, {'id_entrega': 49, 'id_hospital': 49, 'nome': 'UBS 01 Planaltina (Vila Buritis)', 'localizacao': (-15.6177452, -47.6436237), 'prioridade': <PrioridadeEntrega.BAIXA: 4>, 'peso_kg': 34.74, 'tempo_estimado_entrega_min': 30, 'janela_inicio': 0, 'janela_fim': 1440}, {'id_entrega': 9, 'id_hospital': 9, 'nome': 'Hospital Regional de Planaltina (HRPL)', 'localizacao': (-15.6253154, -47.653472), 'prioridade': <PrioridadeEntrega.MEDIA: 3>, 'peso_kg': 60.17, 'tempo_estimado_entrega_min': 60, 'janela_inicio': 0, 'janela_fim': 1440}, {'id_entrega': 8, 'id_hospital': 8, 'nome': 'Hospital Regional de Sobradinho (HRS)', 'localizacao': (-15.6484601, -47.7931691), 'prioridade': <PrioridadeEntrega.ALTA: 2>, 'peso_kg': 21.81, 'tempo_estimado_entrega_min': 15, 'janela_inicio': 0, 'janela_fim': 1440}, {'id_entrega': 7, 'id_hospital': 7, 'nome': 'Hospital Regional do Gama (HRG)', 'localizacao': (-16.023695, -48.0697835), 'prioridade': <PrioridadeEntrega.ALTA: 2>, 'peso_kg': 97.13, 'tempo_estimado_entrega_min': 20, 'janela_inicio': 0, 'janela_fim': 1440}, {'id_entrega': 6, 'id_hospital': 6, 'nome': 'Hospital Regional de Ceilândia (HRC)', 'localizacao': (-15.8151346, -48.0970021), 'prioridade': <PrioridadeEntrega.BAIXA: 4>, 'peso_kg': 51.0, 'tempo_estimado_entrega_min': 20, 'janela_inicio': 0, 'janela_fim': 1440}, {'id_entrega': 5, 'id_hospital': 5, 'nome': 'Hospital Regional de Taguatinga (HRT)', 'localizacao': (-15.8226725, -48.0691403), 'prioridade': <PrioridadeEntrega.CRITICA: 1>, 'peso_kg': 56.5, 'tempo_estimado_entrega_min': 60, 'janela_inicio': 0, 'janela_fim': 1440}]","[(-15.8140447, -47.9659546), (-15.624939, -47.6512695), (-15.6005831, -47.8731391), (-15.6438775, -47.8268803), (-15.6438514, -47.8346051), (-15.6177452, -47.6436237), (-15.6253154, -47.653472), (-15.6484601, -47.7931691), (-16.023695, -48.0697835), (-15.8151346, -48.0970021), (-15.8226725, -48.0691403), (-15.8140447, -47.9659546)]",197.24208259599487,530.1731810138126
"{'id_veiculo': 'V4', 'capacidade_kg': 450.0, 'autonomia_km': 550.0, 'velocidade_media_kmh': 65.0, 'custo_por_km': 2.0}","[{'id_entrega': 55, 'id_hospital': 55, 'nome': 'UBS 5 Granja do Torto', 'localizacao': (-15.7087626, -47.9162554), 'prioridade': <PrioridadeEntrega.ALTA: 2>, 'peso_kg': 21.89, 'tempo_estimado_entrega_min': 15, 'janela_inicio': 0, 'janela_fim': 1440}, {'id_entrega': 56, 'id_hospital': 56, 'nome': 'UBS 5 Sobradinho (Basevi)', 'localizacao': (-15.6441162, -47.8908713), 'prioridade': <PrioridadeEntrega.MEDIA: 3>, 'peso_kg': 70.78, 'tempo_estimado_entrega_min': 60, 'janela_inicio': 0, 'janela_fim': 1440}, {'id_entrega': 57, 'id_hospital': 57, 'nome': 'UBS 02 Paranoá (Quadra 18)', 'localizacao': (-15.7707202, -47.7794809), 'prioridade': <PrioridadeEntrega.CRITICA: 1>, 'peso_kg': 50.51, 'tempo_estimado_entrega_min': 45, 'janela_inicio': 0, 'janela_fim': 1440}, {'id_entrega': 58, 'id_hospital': 58, 'nome': 'UBS 04 Paranoá (Jardim II)', 'localizacao': (-16.0165971, -47.3858536), 'prioridade': <PrioridadeEntrega.MEDIA: 3>, 'peso_kg': 39.79, 'tempo_estimado_entrega_min': 10, 'janela_inicio': 0, 'janela_fim': 1440}, {'id_entrega': 59, 'id_hospital': 59, 'nome': 'UBS 19 São Sebastião (Vila do Boa)', 'localizacao': (-15.8821655, -47.8004155), 'prioridade': <PrioridadeEntrega.MEDIA: 3>, 'peso_kg': 49.24, 'tempo_estimado_entrega_min': 30, 'janela_inicio': 0, 'janela_fim': 1440}, {'id_entrega': 60, 'id_hospital': 60, 'nome': 'UBS 12 São Sebastião (São José)', 'localizacao': (-15.9096788, -47.7674599), 'prioridade': <PrioridadeEntrega.BAIXA: 4>, 'peso_kg': 20.74, 'tempo_estimado_entrega_min': 20, 'janela_inicio': 0, 'janela_fim': 1440}, {'id_entrega': 61, 'id_hospital': 61, 'nome': 'UUBS 5 Santa Maria', 'localizacao': (-16.0103369, -48.0024363), 'prioridade': <PrioridadeEntrega.CRITICA: 1>, 'peso_kg': 51.13, 'tempo_estimado_entrega_min': 45, 'janela_inicio': 0, 'janela_fim': 1440}, {'id_entrega': 62, 'id_hospital': 62, 'nome': 'UBS 8 Santa Maria', 'localizacao': (-16.0144018, -47.9910585), 'prioridade': <PrioridadeEntrega.ALTA: 2>, 'peso_kg': 45.9, 'tempo_estimado_entrega_min': 10, 'janela_inicio': 0, 'janela_fim': 1440}, {'id_entrega': 63, 'id_hospital': 63, 'nome': 'UBS 9 Santa Maria', 'localizacao': (-16.0197626, -48.0251117), 'prioridade': <PrioridadeEntrega.MEDIA: 3>, 'peso_kg': 38.44, 'tempo_estimado_entrega_min': 45, 'janela_inicio': 0, 'janela_fim': 1440}, {'id_entrega': 64, 'id_hospital': 64, 'nome': 'UBS 2 Gama', 'localizacao': (-16.0365657, -48.0637311), 'prioridade': <PrioridadeEntrega.BAIXA: 4>, 'peso_kg': 31.41, 'tempo_estimado_entrega_min': 60, 'janela_inicio': 0, 'janela_fim': 1440}]","[(-15.8140447, -47.9659546), (-15.7087626, -47.9162554), (-15.6441162, -47.8908713), (-15.7707202, -47.7794809), (-16.0165971, -47.3858536), (-15.8821655, -47.8004155), (-15.9096788, -47.7674599), (-16.0103369, -48.0024363), (-16.0144018, -47.9910585), (-16.0197626, -48.0251117), (-16.0365657, -48.0637311), (-15.8140447, -47.9659546)]",204.50861023887808,528.7771786820414
"{'id_veiculo': 'V5', 'capacidade_kg': 500.0, 'autonomia_km': 500.0, 'velocidade_media_kmh': 80.0, 'custo_por_km': 2.2}","[{'id_entrega': 77, 'id_hospital': 77, 'nome': 'UPA Sobradinho', 'localizacao': (-15.6395176, -47.8222068), 'prioridade': <PrioridadeEntrega.CRITICA: 1>, 'peso_kg': 80.61, 'tempo_estimado_entrega_min': 45, 'janela_inicio': 0, 'janela_fim': 1440}, {'id_entrega': 78, 'id_hospital': 78, 'nome': 'UPA São Sebastião', 'localizacao': (-15.9009588, -47.7801697), 'prioridade': <PrioridadeEntrega.CRITICA: 1>, 'peso_kg': 46.34, 'tempo_estimado_entrega_min': 60, 'janela_inicio': 0, 'janela_fim': 1440}, {'id_entrega': 79, 'id_hospital': 79, 'nome': 'UPA Núcleo Bandeirante', 'localizacao': (-15.8759336, -47.9847267), 'prioridade': <PrioridadeEntrega.MEDIA: 3>, 'peso_kg': 49.64, 'tempo_estimado_entrega_min': 45, 'janela_inicio': 0, 'janela_fim': 1440}, {'id_entrega': 80, 'id_hospital': 80, 'nome': 'UPA Vicente Pires', 'localizacao': (-15.7971406, -48.0272268), 'prioridade': <PrioridadeEntrega.MEDIA: 3>, 'peso_kg': 33.09, 'tempo_estimado_entrega_min': 30, 'janela_inicio': 0, 'janela_fim': 1440}, {'id_entrega': 81, 'id_hospital': 81, 'nome': 'UPA Planaltina', 'localizacao': (-15.6168213, -47.6912723), 'prioridade': <PrioridadeEntrega.ALTA: 2>, 'peso_kg': 68.29, 'tempo_estimado_entrega_min': 45, 'janela_inicio': 0, 'janela_fim': 1440}, {'id_entrega': 82, 'id_hospital': 82, 'nome': 'UPA Gama', 'localizacao': (-16.0149838, -48.0567389), 'prioridade': <PrioridadeEntrega.BAIXA: 4>, 'peso_kg': 44.31, 'tempo_estimado_entrega_min': 45, 'janela_inicio': 0, 'janela_fim': 1440}, {'id_entrega': 83, 'id_hospital': 83, 'nome': 'UPA Brazlândia', 'localizacao': (-15.6652367, -48.2007518), 'prioridade': <PrioridadeEntrega.ALTA: 2>, 'peso_kg': 44.53, 'tempo_estimado_entrega_min': 45, 'janela_inicio': 0, 'janela_fim': 1440}, {'id_entrega': 84, 'id_hospital': 84, 'nome': 'UPA Paranoá', 'localizacao': (-15.7699247, -47.7857273), 'prioridade': <PrioridadeEntrega.CRITICA: 1>, 'peso_kg': 24.28, 'tempo_estimado_entrega_min': 60, 'janela_inicio': 0, 'janela_fim': 1440}, {'id_entrega': 85, 'id_hospital': 85, 'nome': 'UPA Riacho Fundo II', 'localizacao': (-15.8999357, -48.0427049), 'prioridade': <PrioridadeEntrega.MEDIA: 3>, 'peso_kg': 12.57, 'tempo_estimado_entrega_min': 45, 'janela_inicio': 0, 'janela_fim': 1440}, {'id_entrega': 75, 'id_hospital': 75, 'nome': 'UPA Recanto das Emas', 'localizacao': (-15.9117854, -48.0600112), 'prioridade': <PrioridadeEntrega.ALTA: 2>, 'peso_kg': 68.52, 'tempo_estimado_entrega_min': 20, 'janela_inicio': 0, 'janela_fim': 1440}]","[(-15.8140447, -47.9659546), (-15.6395176, -47.8222068), (-15.9009588, -47.7801697), (-15.8759336, -47.9847267), (-15.7971406, -48.0272268), (-15.6168213, -47.6912723), (-16.0149838, -48.0567389), (-15.6652367, -48.2007518), (-15.7699247, -47.7857273), (-15.8999357, -48.0427049), (-15.9117854, -48.0600112), (-15.8140447, -47.9659546)]",322.2412351124668,681.6809263343501
"{'id_veiculo': 'V6', 'capacidade_kg': 650.0, 'autonomia_km': 480.0, 'velocidade_media_kmh': 75.0, 'custo_por_km': 2.4}","[{'id_entrega': 19, 'id_hospital': 19, 'nome': 'Hospital de Força Aérea de Brasília (HFAB)', 'localizacao': (-15.8708877, -47.9031913), 'prioridade': <PrioridadeEntrega.BAIXA: 4>, 'peso_kg': 17.93, 'tempo_estimado_entrega_min': 15, 'janela_inicio': 0, 'janela_fim': 1440}, {'id_entrega': 51, 'id_hospital': 51, 'nome': 'UBS 01 Paranoá', 'localizacao': (-15.7692068, -47.7825042), 'prioridade': <PrioridadeEntrega.MEDIA: 3>, 'peso_kg': 93.66, 'tempo_estimado_entrega_min': 10, 'janela_inicio': 0, 'janela_fim': 1440}, {'id_entrega': 50, 'id_hospital': 50, 'nome': 'UBS 02 Planaltina', 'localizacao': (-15.534044, -47.7114942), 'prioridade': <PrioridadeEntrega.MEDIA: 3>, 'peso_kg': 73.31, 'tempo_estimado_entrega_min': 60, 'janela_inicio': 0, 'janela_fim': 1440}, {'id_entrega': 13, 'id_hospital': 13, 'nome': 'Hospital Regional do Paranoá (HRP)', 'localizacao': (-15.7814012, -47.7824032), 'prioridade': <PrioridadeEntrega.CRITICA: 1>, 'peso_kg': 85.23, 'tempo_estimado_entrega_min': 15, 'janela_inicio': 0, 'janela_fim': 1440}, {'id_entrega': 12, 'id_hospital': 12, 'nome': 'Hospital Regional de Brazlândia (HRBZ)', 'localizacao': (-15.6752771, -48.2036875), 'prioridade': <PrioridadeEntrega.MEDIA: 3>, 'peso_kg': 22.8, 'tempo_estimado_entrega_min': 20, 'janela_inicio': 0, 'janela_fim': 1440}, {'id_entrega': 11, 'id_hospital': 11, 'nome': 'Hospital Regional de Santa Maria (HRSM)', 'localizacao': (-16.0401658, -48.0372133), 'prioridade': <PrioridadeEntrega.BAIXA: 4>, 'peso_kg': 25.56, 'tempo_estimado_entrega_min': 15, 'janela_inicio': 0, 'janela_fim': 1440}, {'id_entrega': 45, 'id_hospital': 45, 'nome': 'UBS 01 Vicente Pires', 'localizacao': (-15.819232, -48.0246858), 'prioridade': <PrioridadeEntrega.MEDIA: 3>, 'peso_kg': 11.78, 'tempo_estimado_entrega_min': 15, 'janela_inicio': 0, 'janela_fim': 1440}, {'id_entrega': 27, 'id_hospital': 27, 'nome': 'UBS 07 Taguatinga Norte', 'localizacao': (-15.8009132, -48.0946952), 'prioridade': <PrioridadeEntrega.ALTA: 2>, 'peso_kg': 89.51, 'tempo_estimado_entrega_min': 60, 'janela_inicio': 0, 'janela_fim': 1440}, {'id_entrega': 76, 'id_hospital': 76, 'nome': 'UPA Samambaia', 'localizacao': (-15.8831351, -48.102718), 'prioridade': <PrioridadeEntrega.BAIXA: 4>, 'peso_kg': 81.61, 'tempo_estimado_entrega_min': 60, 'janela_inicio': 0, 'janela_fim': 1440}, {'id_entrega': 100, 'id_hospital': 100, 'nome': 'Centro de Atenção Psicossocial CAPS AD III de Samambaia', 'localizacao': (-15.8750899, -48.1011611), 'prioridade': <PrioridadeEntrega.BAIXA: 4>, 'peso_kg': 50.93, 'tempo_estimado_entrega_min': 60, 'janela_inicio': 0, 'janela_fim': 1440}]","[(-15.8140447, -47.9659546), (-15.8708877, -47.9031913), (-15.7692068, -47.7825042), (-15.534044, -47.7114942), (-15.7814012, -47.7824032), (-15.6752771, -48.2036875), (-16.0401658, -48.0372133), (-15.819232, -48.0246858), (-15.8009132, -48.0946952), (-15.8831351, -48.102718), (-15.8750899, -48.1011611), (-15.8140447, -47.9659546)]",231.5019095718796,515.2015276575036
"{'id_veiculo': 'V7', 'capacidade_kg': 950.0, 'autonomia_km': 300.0, 'velocidade_media_kmh': 55.0, 'custo_por_km': 2.8}","[{'id_entrega': 42, 'id_hospital': 42, 'nome': 'UBS 02 Riacho Fundo I', 'localizacao': (-15.8793864, -48.0036153), 'prioridade': <PrioridadeEntrega.CRITICA: 1>, 'peso_kg': 19.71, 'tempo_estimado_entrega_min': 30, 'janela_inicio': 0, 'janela_fim': 1440}, {'id_entrega': 41, 'id_hospital': 41, 'nome': 'UBS 01 Riacho Fundo I', 'localizacao': (-15.8861057, -48.0237135), 'prioridade': <PrioridadeEntrega.BAIXA: 4>, 'peso_kg': 61.26, 'tempo_estimado_entrega_min': 45, 'janela_inicio': 0, 'janela_fim': 1440}, {'id_entrega': 40, 'id_hospital': 40, 'nome': 'UBS 01 Núcleo Bandeirante', 'localizacao': (-15.8698423, -47.9668616), 'prioridade': <PrioridadeEntrega.ALTA: 2>, 'peso_kg': 96.93, 'tempo_estimado_entrega_min': 30, 'janela_inicio': 0, 'janela_fim': 1440}, {'id_entrega': 39, 'id_hospital': 39, 'nome': 'UBS 01 Candangolândia', 'localizacao': (-15.8518716, -47.9544504), 'prioridade': <PrioridadeEntrega.ALTA: 2>, 'peso_kg': 74.56, 'tempo_estimado_entrega_min': 20, 'janela_inicio': 0, 'janela_fim': 1440}, {'id_entrega': 36, 'id_hospital': 36, 'nome': 'UBS 01 Cruzeiro', 'localizacao': (-15.797046, -47.934145), 'prioridade': <PrioridadeEntrega.ALTA: 2>, 'peso_kg': 14.17, 'tempo_estimado_entrega_min': 15, 'janela_inicio': 0, 'janela_fim': 1440}, {'id_entrega': 37, 'id_hospital': 37, 'nome': 'UBS 02 Cruzeiro', 'localizacao': (-15.783503, -47.9385418), 'prioridade': <PrioridadeEntrega.ALTA: 2>, 'peso_kg': 73.24, 'tempo_estimado_entrega_min': 30, 'janela_inicio': 0, 'janela_fim': 1440}, {'id_entrega': 38, 'id_hospital': 38, 'nome': 'UBS Metropolitana', 'localizacao': (-15.8794808, -47.97442), 'prioridade': <PrioridadeEntrega.CRITICA: 1>, 'peso_kg': 57.3, 'tempo_estimado_entrega_min': 30, 'janela_inicio': 0, 'janela_fim': 1440}, {'id_entrega': 1, 'id_hospital': 1, 'nome': 'Hospital de Base do Distrito Federal (IHBDF)', 'localizacao': (-15.8006717, -47.8891625), 'prioridade': <PrioridadeEntrega.MEDIA: 3>, 'peso_kg': 34.52, 'tempo_estimado_entrega_min': 45, 'janela_inicio': 0, 'janela_fim': 1440}, {'id_entrega': 2, 'id_hospital': 2, 'nome': 'Hospital Regional da Asa Norte (HRAN)', 'localizacao': (-15.7847168, -47.8841754), 'prioridade': <PrioridadeEntrega.CRITICA: 1>, 'peso_kg': 13.87, 'tempo_estimado_entrega_min': 30, 'janela_inicio': 0, 'janela_fim': 1440}, {'id_entrega': 3, 'id_hospital': 3, 'nome': 'Hospital Universitário de Brasília (HUB)', 'localizacao': (-15.771302, -47.8743633), 'prioridade': <PrioridadeEntrega.CRITICA: 1>, 'peso_kg': 72.73, 'tempo_estimado_entrega_min': 60, 'janela_inicio': 0, 'janela_fim': 1440}]","[(-15.8140447, -47.9659546), (-15.8793864, -48.0036153), (-15.8861057, -48.0237135), (-15.8698423, -47.9668616), (-15.8518716, -47.9544504), (-15.797046, -47.934145), (-15.783503, -47.9385418), (-15.8794808, -47.97442), (-15.8006717, -47.8891625), (-15.7847168, -47.8841754), (-15.771302, -47.8743633), (-15.8140447, -47.9659546)]",65.93348290306402,406.9274358942517
"{'id_veiculo': 'V8', 'capacidade_kg': 740.0, 'autonomia_km': 450.0, 'velocidade_media_kmh': 60.0, 'custo_por_km': 2.6}","[{'id_entrega': 4, 'id_hospital': 4, 'nome': 'Hospital Materno Infantil de Brasília (HMIB)', 'localizacao': (-15.8238177, -47.8975294), 'prioridade': <PrioridadeEntrega.CRITICA: 1>, 'peso_kg': 83.96, 'tempo_estimado_entrega_min': 45, 'janela_inicio': 0, 'janela_fim': 1440}, {'id_entrega': 92, 'id_hospital': 92, 'nome': 'Instituto de Cardiologia do DF (ICDF)', 'localizacao': (-15.8009982, -47.9373327), 'prioridade': <PrioridadeEntrega.ALTA: 2>, 'peso_kg': 16.6, 'tempo_estimado_entrega_min': 10, 'janela_inicio': 0, 'janela_fim': 1440}, {'id_entrega': 30, 'id_hospital': 30, 'nome': 'UBS 01 São Sebastião', 'localizacao': (-15.902439, -47.7729157), 'prioridade': <PrioridadeEntrega.MEDIA: 3>, 'peso_kg': 48.25, 'tempo_estimado_entrega_min': 20, 'janela_inicio': 0, 'janela_fim': 1440}, {'id_entrega': 29, 'id_hospital': 29, 'nome': 'UBS 02 Santa Maria', 'localizacao': (-16.0079432, -47.9904955), 'prioridade': <PrioridadeEntrega.MEDIA: 3>, 'peso_kg': 80.73, 'tempo_estimado_entrega_min': 20, 'janela_inicio': 0, 'janela_fim': 1440}, {'id_entrega': 28, 'id_hospital': 28, 'nome': 'UBS 01 Santa Maria', 'localizacao': (-16.027209, -48.027008), 'prioridade': <PrioridadeEntrega.MEDIA: 3>, 'peso_kg': 39.35, 'tempo_estimado_entrega_min': 15, 'janela_inicio': 0, 'janela_fim': 1440}, {'id_entrega': 65, 'id_hospital': 65, 'nome': 'UBS 4 Gama', 'localizacao': (-16.0260783, -48.0596889), 'prioridade': <PrioridadeEntrega.ALTA: 2>, 'peso_kg': 18.8, 'tempo_estimado_entrega_min': 60, 'janela_inicio': 0, 'janela_fim': 1440}, {'id_entrega': 10, 'id_hospital': 10, 'nome': 'Hospital Regional de Samambaia (HRSAM)', 'localizacao': (-15.8532367, -48.073427), 'prioridade': <PrioridadeEntrega.ALTA: 2>, 'peso_kg': 92.97, 'tempo_estimado_entrega_min': 30, 'janela_inicio': 0, 'janela_fim': 1440}, {'id_entrega': 52, 'id_hospital': 52, 'nome': 'UBS 01 Lago Norte', 'localizacao': (-15.725496, -47.8764125), 'prioridade': <PrioridadeEntrega.ALTA: 2>, 'peso_kg': 44.46, 'tempo_estimado_entrega_min': 15, 'janela_inicio': 0, 'janela_fim': 1440}, {'id_entrega': 53, 'id_hospital': 53, 'nome': 'UBS 01 Lago Sul', 'localizacao': (-15.8470842, -47.85473), 'prioridade': <PrioridadeEntrega.MEDIA: 3>, 'peso_kg': 84.93, 'tempo_estimado_entrega_min': 10, 'janela_inicio': 0, 'janela_fim': 1440}]","[(-15.8140447, -47.9659546), (-15.8238177, -47.8975294), (-15.8009982, -47.9373327), (-15.902439, -47.7729157), (-16.0079432, -47.9904955), (-16.027209, -48.027008), (-16.0260783, -48.0596889), (-15.8532367, -48.073427), (-15.725496, -47.8764125), (-15.8470842, -47.85473), (-15.8140447, -47.9659546)]",138.11534894947738,363.1153489494774
"{'id_veiculo': 'V9', 'capacidade_kg': 860.0, 'autonomia_km': 390.0, 'velocidade_media_kmh': 60.0, 'custo_por_km': 2.7}","[{'id_entrega': 54, 'id_hospital': 54, 'nome': 'UBS 01 Gama', 'localizacao': (-16.020674, -48.0873352), 'prioridade': <PrioridadeEntrega.MEDIA: 3>, 'peso_kg': 68.03, 'tempo_estimado_entrega_min': 60, 'janela_inicio': 0, 'janela_fim': 1440}, {'id_entrega': 74, 'id_hospital': 74, 'nome': 'UPA Ceilândia II', 'localizacao': (-15.790951, -48.1376898), 'prioridade': <PrioridadeEntrega.CRITICA: 1>, 'peso_kg': 50.44, 'tempo_estimado_entrega_min': 45, 'janela_inicio': 0, 'janela_fim': 1440}, {'id_entrega': 73, 'id_hospital': 73, 'nome': 'UPA Ceilândia I', 'localizacao': (-15.8080671, -48.1384168), 'prioridade': <PrioridadeEntrega.MEDIA: 3>, 'peso_kg': 94.47, 'tempo_estimado_entrega_min': 10, 'janela_inicio': 0, 'janela_fim': 1440}, {'id_entrega': 72, 'id_hospital': 72, 'nome': 'UBS 1 Brazlândia', 'localizacao': (-15.6772189, -48.197582), 'prioridade': <PrioridadeEntrega.ALTA: 2>, 'peso_kg': 65.32, 'tempo_estimado_entrega_min': 15, 'janela_inicio': 0, 'janela_fim': 1440}, {'id_entrega': 71, 'id_hospital': 71, 'nome': 'UBS 16 Ceilândia (Sol Nascente)', 'localizacao': (-15.8343611, -48.1361191), 'prioridade': <PrioridadeEntrega.ALTA: 2>, 'peso_kg': 96.34, 'tempo_estimado_entrega_min': 30, 'janela_inicio': 0, 'janela_fim': 1440}, {'id_entrega': 70, 'id_hospital': 70, 'nome': 'UBS 10 Ceilândia', 'localizacao': (-15.824572, -48.1160541), 'prioridade': <PrioridadeEntrega.MEDIA: 3>, 'peso_kg': 44.49, 'tempo_estimado_entrega_min': 15, 'janela_inicio': 0, 'janela_fim': 1440}, {'id_entrega': 69, 'id_hospital': 69, 'nome': 'UBS 9 Ceilândia', 'localizacao': (-15.846576, -48.1261521), 'prioridade': <PrioridadeEntrega.CRITICA: 1>, 'peso_kg': 13.89, 'tempo_estimado_entrega_min': 10, 'janela_inicio': 0, 'janela_fim': 1440}, {'id_entrega': 68, 'id_hospital': 68, 'nome': 'UBS 7 Ceilândia', 'localizacao': (-15.7957206, -48.1335935), 'prioridade': <PrioridadeEntrega.BAIXA: 4>, 'peso_kg': 98.21, 'tempo_estimado_entrega_min': 15, 'janela_inicio': 0, 'janela_fim': 1440}, {'id_entrega': 67, 'id_hospital': 67, 'nome': 'UBS 10 Recanto das Emas', 'localizacao': (-15.9300077, -48.1089857), 'prioridade': <PrioridadeEntrega.MEDIA: 3>, 'peso_kg': 11.07, 'tempo_estimado_entrega_min': 45, 'janela_inicio': 0, 'janela_fim': 1440}, {'id_entrega': 66, 'id_hospital': 66, 'nome': 'UBS 3 Guará', 'localizacao': (-15.8495004, -47.9708464), 'prioridade': <PrioridadeEntrega.CRITICA: 1>, 'peso_kg': 33.44, 'tempo_estimado_entrega_min': 45, 'janela_inicio': 0, 'janela_fim': 1440}]","[(-15.8140447, -47.9659546), (-16.020674, -48.0873352), (-15.790951, -48.1376898), (-15.8080671, -48.1384168), (-15.6772189, -48.197582), (-15.8343611, -48.1361191), (-15.824572, -48.1160541), (-15.846576, -48.1261521), (-15.7957206, -48.1335935), (-15.9300077, -48.1089857), (-15.8495004, -47.9708464), (-15.8140447, -47.9659546)]",136.14261465662273,426.14261465662275
"{'id_veiculo': 'V10', 'capacidade_kg': 910.0, 'autonomia_km': 340.0, 'velocidade_media_kmh': 55.0, 'custo_por_km': 2.9}","[{'id_entrega': 17, 'id_hospital': 17, 'nome': 'Hospital São Vicente de Paulo (HSVP)', 'localizacao': (-15.8372373, -48.0600197), 'prioridade': <PrioridadeEntrega.CRITICA: 1>, 'peso_kg': 45.16, 'tempo_estimado_entrega_min': 30, 'janela_inicio': 0, 'janela_fim': 1440}, {'id_entrega': 18, 'id_hospital': 18, 'nome': 'Hospital das Forças Armadas (HFA)', 'localizacao': (-15.8012324, -47.9373345), 'prioridade': <PrioridadeEntrega.BAIXA: 4>, 'peso_kg': 45.45, 'tempo_estimado_entrega_min': 10, 'janela_inicio': 0, 'janela_fim': 1440}, {'id_entrega': 16, 'id_hospital': 16, 'nome': 'Hospital da Criança de Brasília (HCB)', 'localizacao': (-15.7584695, -47.9199696), 'prioridade': <PrioridadeEntrega.BAIXA: 4>, 'peso_kg': 64.69, 'tempo_estimado_entrega_min': 45, 'janela_inicio': 0, 'janela_fim': 1440}, {'id_entrega': 15, 'id_hospital': 15, 'nome': 'Hospital de Apoio de Brasília (HAB)', 'localizacao': (-15.7559401, -47.9226774), 'prioridade': <PrioridadeEntrega.ALTA: 2>, 'peso_kg': 48.77, 'tempo_estimado_entrega_min': 20, 'janela_inicio': 0, 'janela_fim': 1440}, {'id_entrega': 14, 'id_hospital': 14, 'nome': 'Hospital Regional do Guará (HRGU)', 'localizacao': (-15.8179263, -47.9866569), 'prioridade': <PrioridadeEntrega.CRITICA: 1>, 'peso_kg': 87.48, 'tempo_estimado_entrega_min': 10, 'janela_inicio': 0, 'janela_fim': 1440}, {'id_entrega': 86, 'id_hospital': 86, 'nome': 'Policlínica de Taguatinga', 'localizacao': (-15.834984, -48.0602371), 'prioridade': <PrioridadeEntrega.CRITICA: 1>, 'peso_kg': 20.51, 'tempo_estimado_entrega_min': 30, 'janela_inicio': 0, 'janela_fim': 1440}, {'id_entrega': 22, 'id_hospital': 22, 'nome': 'UBS 01 Taguatinga Norte', 'localizacao': (-15.7955812, -48.0672329), 'prioridade': <PrioridadeEntrega.CRITICA: 1>, 'peso_kg': 58.5, 'tempo_estimado_entrega_min': 60, 'janela_inicio': 0, 'janela_fim': 1440}, {'id_entrega': 23, 'id_hospital': 23, 'nome': 'UBS 02 Taguatinga Norte', 'localizacao': (-15.8104012, -48.0635838), 'prioridade': <PrioridadeEntrega.BAIXA: 4>, 'peso_kg': 23.46, 'tempo_estimado_entrega_min': 10, 'janela_inicio': 0, 'janela_fim': 1440}, {'id_entrega': 24, 'id_hospital': 24, 'nome': 'UBS 03 Taguatinga Norte', 'localizacao': (-15.8331049, -48.0871074), 'prioridade': <PrioridadeEntrega.CRITICA: 1>, 'peso_kg': 99.26, 'tempo_estimado_entrega_min': 10, 'janela_inicio': 0, 'janela_fim': 1440}, {'id_entrega': 31, 'id_hospital': 31, 'nome': 'UBS 01 Recanto das Emas', 'localizacao': (-15.918988, -48.1049332), 'prioridade': <PrioridadeEntrega.BAIXA: 4>, 'peso_kg': 22.94, 'tempo_estimado_entrega_min': 45, 'janela_inicio': 0, 'janela_fim': 1440}, {'id_entrega': 32, 'id_hospital': 32, 'nome': 'UBS 01 Estrutural', 'localizacao': (-15.7836403, -47.9998093), 'prioridade': <PrioridadeEntrega.MEDIA: 3>, 'peso_kg': 15.11, 'tempo_estimado_entrega_min': 15, 'janela_inicio': 0, 'janela_fim': 1440}]","[(-15.8140447, -47.9659546), (-15.8372373, -48.0600197), (-15.8012324, -47.9373345), (-15.7584695, -47.9199696), (-15.7559401, -47.9226774), (-15.8179263, -47.9866569), (-15.834984, -48.0602371), (-15.7955812, -48.0672329), (-15.8104012, -48.0635838), (-15.8331049, -48.0871074), (-15.918988, -48.1049332), (-15.7836403, -47.9998093), (-15.8140447, -47.9659546)]",90.61403837943723,383.8516782321134
